Timestamp,Rank,Coin Name,Symbol,Price,24h Change,Market Cap
2026-09-06 16:51:57,1,Bitcoin,BTC,"$79,991.18",0.46%,$1.6T
2026-09-06 16:51:57,2,Ethereum,ETH,"$2,502.98",2.01%,$305.31B
2026-09-06 16:51:57,3,Tether,USDT,$1.00,0.01%,$183.4B
2026-09-06 16:51:57,4,BNB,BNB,$757.12,0.49%,$100.82B
2026-09-06 16:51:57,5,XRP,XRP,$1.42,1.06%,$89.14B
2026-09-06 16:51:57,6,USDC,USDC,$0.9999,0.01%,$74.54B
2026-09-06 16:51:57,7,Solana,SOL,$106.53,3.91%,$62.37B
2026-09-06 16:51:57,8,TRON,TRX,$0.3342,0.44%,$31.73B
2026-09-06 16:51:57,9,Hyperliquid,HYPE,$87.79,3.62%,$22.08B
2026-09-06 16:51:57,10,Zcash,ZEC,"$1,187.06",17.68%,$20B
2026-09-06 17:02:28,1,Bitcoin,BTC,"$79,904.51",0.35%,$1.6T
2026-09-06 17:02:28,2,Ethereum,ETH,"$2,500.82",1.93%,$305.43B
2026-09-06 17:02:28,3,Tether,USDT,$1.00,0.00%,$183.39B
2026-09-06 17:02:28,4,BNB,BNB,$757.25,0.74%,$100.83B
2026-09-06 17:02:28,5,XRP,XRP,$1.42,1.17%,$89.13B
2026-09-06 17:02:28,6,USDC,USDC,$0.9999,0.00%,$74.54B
2026-09-06 17:02:28,7,Solana,SOL,$106.56,4.11%,$62.38B
2026-09-06 17:02:28,8,TRON,TRX,$0.3348,0.61%,$31.79B
2026-09-06 17:02:28,9,Hyperliquid,HYPE,$88.31,4.16%,$22.21B
2026-09-06 17:02:28,10,Zcash,ZEC,"$1,184.14",17.42%,$19.96B
2026-09-08 17:24:10,1,Bitcoin,BTC,"$78,386.45",1.30%,$1.57T
2026-09-08 17:24:10,2,Ethereum,ETH,"$2,472.40",0.71%,$301.7B
2026-09-08 17:24:10,3,Tether,USDT,$0.9996,0.03%,$183.37B
2026-09-08 17:24:10,4,BNB,BNB,$752.21,1.06%,$100.16B
2026-09-08 17:24:10,5,XRP,XRP,$1.39,0.42%,$87.39B
2026-09-08 17:24:10,6,USDC,USDC,$0.9998,0.03%,$74.18B
2026-09-08 17:24:10,7,Solana,SOL,$102.78,1.98%,$60.24B
2026-09-08 17:24:10,8,TRON,TRX,$0.3385,0.63%,$32.13B
2026-09-08 17:24:10,9,Hyperliquid,HYPE,$83.37,5.05%,$21B
2026-09-08 17:24:10,10,Zcash,ZEC,"$1,163.45",2.72%,$19.61B
2026-09-08 17:33:05,1,Bitcoin,BTC,"$78,279.00",1.44%,$1.57T
2026-09-08 17:33:05,2,Ethereum,ETH,"$2,470.06",0.80%,$301.42B
2026-09-08 17:33:05,3,Tether,USDT,$0.9995,0.03%,$183.36B
2026-09-08 17:33:05,4,BNB,BNB,$752.14,0.99%,$100.15B
2026-09-08 17:33:05,5,XRP,XRP,$1.39,0.43%,$87.39B
2026-09-08 17:33:05,6,USDC,USDC,$0.9999,0.00%,$74.18B
2026-09-08 17:33:05,7,Solana,SOL,$102.75,2.08%,$60.23B
2026-09-08 17:33:05,8,TRON,TRX,$0.3384,0.59%,$32.13B
2026-09-08 17:33:05,9,Hyperliquid,HYPE,$83.12,5.18%,$20.94B
2026-09-08 17:33:05,10,Zcash,ZEC,"$1,155.89",3.20%,$19.48B
2026-09-08 17:35:08,1,Bitcoin,BTC,"$78,210.76",1.51%,$1.57T
2026-09-08 17:35:08,2,Ethereum,ETH,"$2,468.01",0.86%,$301.17B
2026-09-08 17:35:08,3,Tether,USDT,$0.9996,0.02%,$183.37B
2026-09-08 17:35:08,4,BNB,BNB,$750.96,0.84%,$99.99B
2026-09-08 17:35:08,5,XRP,XRP,$1.39,0.59%,$87.28B
2026-09-08 17:35:08,6,USDC,USDC,$0.9999,0.00%,$74.19B
2026-09-08 17:35:08,7,Solana,SOL,$102.66,2.19%,$60.17B
2026-09-08 17:35:08,8,TRON,TRX,$0.3384,0.61%,$32.13B
2026-09-08 17:35:08,9,Hyperliquid,HYPE,$83.11,5.24%,$20.93B
2026-09-08 17:35:08,10,Zcash,ZEC,"$1,156.71",3.06%,$19.5B
2026-09-08 17:39:00,1,Bitcoin,BTC,"$78,286.33",1.52%,$1.57T
2026-09-08 17:39:00,2,Ethereum,ETH,"$2,471.13",0.85%,$301.55B
2026-09-08 17:39:00,3,Tether,USDT,$0.9995,0.04%,$183.36B
2026-09-08 17:39:00,4,BNB,BNB,$751.27,0.83%,$100.04B
2026-09-08 17:39:00,5,XRP,XRP,$1.39,0.74%,$87.22B
2026-09-08 17:39:00,6,USDC,USDC,$0.9999,0.01%,$74.23B
2026-09-08 17:39:00,7,Solana,SOL,$102.68,2.18%,$60.19B
2026-09-08 17:39:00,8,TRON,TRX,$0.3384,0.61%,$32.13B
2026-09-08 17:39:00,9,Hyperliquid,HYPE,$83.11,5.24%,$20.93B
2026-09-08 17:39:00,10,Zcash,ZEC,"$1,156.71",3.06%,$19.5B
2026-09-08 17:43:44,1,Bitcoin,BTC,"$78,225.48",1.52%,$1.57T
2026-09-08 17:43:44,2,Ethereum,ETH,"$2,469.93",0.78%,$301.4B
2026-09-08 17:43:44,3,Tether,USDT,$0.9997,0.02%,$183.38B
2026-09-08 17:43:44,4,BNB,BNB,$750.82,0.76%,$99.98B
2026-09-08 17:43:44,5,XRP,XRP,$1.38,0.93%,$87.19B
2026-09-08 17:43:44,6,USDC,USDC,$0.9999,0.00%,$74.23B
2026-09-08 17:43:44,7,Solana,SOL,$102.58,2.31%,$60.13B
2026-09-08 17:43:44,8,TRON,TRX,$0.3384,0.59%,$32.12B
2026-09-08 17:43:44,9,Hyperliquid,HYPE,$83.05,5.44%,$20.92B
2026-09-08 17:43:44,10,Zcash,ZEC,"$1,154.92",3.29%,$19.47B
2026-09-08 20:19:09,1,Bitcoin,BTC,"$78,513.08",0.68%,$1.57T
2026-09-08 20:19:09,2,Ethereum,ETH,"$2,485.07",0.07%,$303.25B
2026-09-08 20:19:09,3,Tether,USDT,$0.9998,0.01%,$183.4B
2026-09-08 20:19:09,4,BNB,BNB,$750.13,0.99%,$99.88B
2026-09-08 20:19:09,5,XRP,XRP,$1.41,1.49%,$88.82B
2026-09-08 20:19:09,6,USDC,USDC,$0.9999,0.00%,$74.2B
2026-09-08 20:19:09,7,Solana,SOL,$103.27,0.94%,$60.53B
2026-09-08 20:19:09,8,TRON,TRX,$0.3394,1.32%,$32.22B
2026-09-08 20:19:09,9,Hyperliquid,HYPE,$83.58,3.34%,$21.05B
2026-09-08 20:19:09,10,Zcash,ZEC,"$1,168.85",0.30%,$19.7B
2026-09-08 20:22:15,1,Bitcoin,BTC,"$78,506.38",0.74%,$1.57T
2026-09-08 20:22:15,2,Ethereum,ETH,"$2,483.03",0.08%,$303B
2026-09-08 20:22:15,3,Tether,USDT,$0.9996,0.02%,$183.37B
2026-09-08 20:22:15,4,BNB,BNB,$750.65,1.04%,$99.95B
2026-09-08 20:22:15,5,XRP,XRP,$1.41,1.52%,$88.89B
2026-09-08 20:22:15,6,USDC,USDC,$0.9998,0.01%,$74.19B
2026-09-08 20:22:15,7,Solana,SOL,$103.34,0.95%,$60.57B
2026-09-08 20:22:15,8,TRON,TRX,$0.3394,1.35%,$32.22B
2026-09-08 20:22:15,9,Hyperliquid,HYPE,$83.53,3.38%,$21.04B
2026-09-08 20:22:15,10,Zcash,ZEC,"$1,174.20",0.45%,$19.79B
